[
    {
        "name": "Indomie Tomyum",
        "price": "10000",
        "image": "static/images/indomie tomyum.jpeg"
    },
    {
        "name": "Nasi Goreng Melayu",
        "price": "10000",
        "image": "static/images/nasi goreng melayu.jpeg"
    },
    {
        "name": "Pisang Coklat",
        "price": "5000",
        "image": "static/images/pisang coklat.jpeg"
    },
    {
        "name": "Pizza Bread",
        "price": "5000",
        "image": "static/images/pizza bread.jpeg"
    },
    {
        "name": "Pizza Krispy",
        "price": "7000",
        "image": "static/images/pizza krispy.jpeg"
    },
    {
        "name": "Roti Telur Dadar",
        "price": "7000",
        "image": "static/images/roti telur dadar.jpeg"
    },
    {
        "name": "Roti Telur Ceplok",
        "price": "7000",
        "image": "static/images/roti telur ceplok.jpeg"
    }
]
